last_name,first_name,Title,State,district,years_served,link
Abraham,Ralph,Representative,Louisiana,5th,2015-2018,https://www.govtrack.us/congress/members/ralph_abraham/412630
Adams,Alma,Representative,North Carolina,12th,2014-2018,https://www.govtrack.us/congress/members/alma_adams/412607
Aderholt,Robert,Representative,Alabama,4th,1997-2018,https://www.govtrack.us/congress/members/robert_aderholt/400004
Aguilar,Pete,Representative,California,31st,2015-2018,https://www.govtrack.us/congress/members/pete_aguilar/412615
Alexander,Lamar,Senator,Tennessee,0,2003-2020,https://www.govtrack.us/congress/members/lamar_alexander/300002
Allen,Rick,Representative,Georgia,12th,2015-2018,https://www.govtrack.us/congress/members/rick_allen/412625
Amash,Justin,Representative,Michigan,3rd,2011-2018,https://www.govtrack.us/congress/members/justin_amash/412438
Amata,Aumua,Senator,American Samoa,0,2015-2018,https://www.govtrack.us/congress/members/aumua_amata/412664
Amodei,Mark,Representative,Nevada,2nd,2011-2018,https://www.govtrack.us/congress/members/mark_amodei/412500
Arrington,Jodey,Representative,Texas,19th,2017-2018,https://www.govtrack.us/congress/members/jodey_arrington/412726
Babin,Brian,Representative,Texas,36th,2015-2018,https://www.govtrack.us/congress/members/brian_babin/412655
Bacon,Don,Representative,Nebraska,2nd,2017-2018,https://www.govtrack.us/congress/members/don_bacon/412713
Baldwin,Tammy,Senator,Wisconsin,0,2013-2018,https://www.govtrack.us/congress/members/tammy_baldwin/400013
Banks,Jim,Representative,Indiana,3rd,2017-2018,https://www.govtrack.us/congress/members/jim_banks/412702
Barletta,Lou,Representative,Pennsylvania,11th,2011-2018,https://www.govtrack.us/congress/members/lou_barletta/412469
Barr,Garland “Andy”,Representative,Kentucky,6th,2013-2018,https://www.govtrack.us/congress/members/garland_barr/412541
Barragán,Nanette,Representative,California,44th,2017-2018,https://www.govtrack.us/congress/members/nanette_barragan/412687
Barrasso,John,Senator,Wyoming,0,2007-2018,https://www.govtrack.us/congress/members/john_barrasso/412251
Barton,Joe,Representative,Texas,6th,1985-2018,https://www.govtrack.us/congress/members/joe_barton/400018
Bass,Karen,Representative,California,37th,2013-2018,https://www.govtrack.us/congress/members/karen_bass/412404
Beatty,Joyce,Representative,Ohio,3rd,2013-2018,https://www.govtrack.us/congress/members/joyce_beatty/412565
Bennet,Michael,Senator,Colorado,0,2009-2022,https://www.govtrack.us/congress/members/michael_bennet/412330
Bera,Ami,Representative,California,7th,2013-2018,https://www.govtrack.us/congress/members/ami_bera/412512
Bergman,Jack,Representative,Michigan,1st,2017-2018,https://www.govtrack.us/congress/members/jack_bergman/412709
Beyer,Donald,Representative,Virginia,8th,2015-2018,https://www.govtrack.us/congress/members/donald_beyer/412657
Biggs,Andy,Representative,Arizona,5th,2017-2018,https://www.govtrack.us/congress/members/andy_biggs/412683
Bilirakis,Gus,Representative,Florida,12th,2013-2018,https://www.govtrack.us/congress/members/gus_bilirakis/412250
Bishop,Mike,Representative,Michigan,8th,2015-2018,https://www.govtrack.us/congress/members/mike_bishop/412635
Bishop,Rob,Representative,Utah,1st,2003-2018,https://www.govtrack.us/congress/members/rob_bishop/400029
Bishop,Sanford,Representative,Georgia,2nd,1993-2018,https://www.govtrack.us/congress/members/sanford_bishop/400030
Black,Diane,Representative,Tennessee,6th,2011-2018,https://www.govtrack.us/congress/members/diane_black/412478
Blackburn,Marsha,Representative,Tennessee,7th,2003-2018,https://www.govtrack.us/congress/members/marsha_blackburn/400032
Blum,Rod,Representative,Iowa,1st,2015-2018,https://www.govtrack.us/congress/members/rod_blum/412627
Blumenauer,Earl,Representative,Oregon,3rd,1996-2018,https://www.govtrack.us/congress/members/earl_blumenauer/400033
Blumenthal,Richard,Senator,Connecticut,0,2011-2022,https://www.govtrack.us/congress/members/richard_blumenthal/412490
Blunt Rochester,Lisa,Representative,Delaware,0,2017-2018,https://www.govtrack.us/congress/members/lisa_blunt_rochester/412689
Blunt,Roy,Senator,Missouri,0,2011-2022,https://www.govtrack.us/congress/members/roy_blunt/400034
Bonamici,Suzanne,Representative,Oregon,1st,2012-2018,https://www.govtrack.us/congress/members/suzanne_bonamici/412501
Booker,Cory,Senator,New Jersey,0,2013-2020,https://www.govtrack.us/congress/members/cory_booker/412598
Boozman,John,Senator,Arkansas,0,2011-2022,https://www.govtrack.us/congress/members/john_boozman/400040
Bordallo,Madeleine,Senator,Guam,0,2003-2018,https://www.govtrack.us/congress/members/madeleine_bordallo/400041
Bost,Mike,Representative,Illinois,12th,2015-2018,https://www.govtrack.us/congress/members/mike_bost/412629
Boyle,Brendan,Representative,Pennsylvania,13th,2015-2018,https://www.govtrack.us/congress/members/brendan_boyle/412652
Brady,Kevin,Representative,Texas,8th,1997-2018,https://www.govtrack.us/congress/members/kevin_brady/400046
Brady,Robert,Representative,Pennsylvania,1st,1998-2018,https://www.govtrack.us/congress/members/robert_brady/400047
Brat,David “Dave”,Representative,Virginia,7th,2014-2018,https://www.govtrack.us/congress/members/david_brat/412605
Bridenstine,Jim,Representative,Oklahoma,1st,2013-2018,https://www.govtrack.us/congress/members/jim_bridenstine/412567
Brooks,Mo,Representative,Alabama,5th,2011-2018,https://www.govtrack.us/congress/members/mo_brooks/412395
Brooks,Susan,Representative,Indiana,5th,2013-2018,https://www.govtrack.us/congress/members/susan_brooks/412539
Brown,Anthony,Representative,Maryland,4th,2017-2018,https://www.govtrack.us/congress/members/anthony_brown/412707
Brown,Sherrod,Senator,Ohio,0,2007-2018,https://www.govtrack.us/congress/members/sherrod_brown/400050
Brownley,Julia,Representative,California,26th,2013-2018,https://www.govtrack.us/congress/members/julia_brownley/412516
Buchanan,Vern,Representative,Florida,16th,2013-2018,https://www.govtrack.us/congress/members/vern_buchanan/412196
Buck,Ken,Representative,Colorado,4th,2015-2018,https://www.govtrack.us/congress/members/ken_buck/412619
Bucshon,Larry,Representative,Indiana,8th,2011-2018,https://www.govtrack.us/congress/members/larry_bucshon/412427
Budd,Ted,Representative,North Carolina,13th,2017-2018,https://www.govtrack.us/congress/members/ted_budd/412712
Burgess,Michael,Representative,Texas,26th,2003-2018,https://www.govtrack.us/congress/members/michael_burgess/400052
Burr,Richard,Senator,North Carolina,0,2005-2022,https://www.govtrack.us/congress/members/richard_burr/400054
Bustos,Cheri,Representative,Illinois,17th,2013-2018,https://www.govtrack.us/congress/members/cheri_bustos/412537
Butterfield,George “G.K.”,Representative,North Carolina,1st,2004-2018,https://www.govtrack.us/congress/members/george_butterfield/400616
Byrne,Bradley,Representative,Alabama,1st,2014-2018,https://www.govtrack.us/congress/members/bradley_byrne/412601
Calvert,Ken,Representative,California,42nd,2013-2018,https://www.govtrack.us/congress/members/ken_calvert/400057
Cantwell,Maria,Senator,Washington,0,2001-2018,https://www.govtrack.us/congress/members/maria_cantwell/300018
Capito,Shelley,Senator,West Virginia,0,2015-2020,https://www.govtrack.us/congress/members/shelley_capito/400061
Capuano,Michael,Representative,Massachusetts,7th,2013-2018,https://www.govtrack.us/congress/members/michael_capuano/400063
Carbajal,Salud,Representative,California,24th,2017-2018,https://www.govtrack.us/congress/members/salud_carbajal/412686
Cardin,Benjamin,Senator,Maryland,0,2007-2018,https://www.govtrack.us/congress/members/benjamin_cardin/400064
Carper,Thomas,Senator,Delaware,0,2001-2018,https://www.govtrack.us/congress/members/thomas_carper/300019
Carson,André,Representative,Indiana,7th,2008-2018,https://www.govtrack.us/congress/members/andre_carson/412258
Carter,Buddy,Representative,Georgia,1st,2015-2018,https://www.govtrack.us/congress/members/buddy_carter/412622
Carter,John,Representative,Texas,31st,2003-2018,https://www.govtrack.us/congress/members/john_carter/400068
Cartwright,Matthew,Representative,Pennsylvania,17th,2013-2018,https://www.govtrack.us/congress/members/matthew_cartwright/412571
Casey,Robert “Bob”,Senator,Pennsylvania,0,2007-2018,https://www.govtrack.us/congress/members/robert_casey/412246
Cassidy,Bill,Senator,Louisiana,0,2015-2020,https://www.govtrack.us/congress/members/bill_cassidy/412269
Castor,Kathy,Representative,Florida,14th,2013-2018,https://www.govtrack.us/congress/members/kathy_castor/412195
Castro,Joaquin,Representative,Texas,20th,2013-2018,https://www.govtrack.us/congress/members/joaquin_castro/412576
Chabot,Steve,Representative,Ohio,1st,2011-2018,https://www.govtrack.us/congress/members/steve_chabot/400071
Cheney,Liz,Representative,Wyoming,0,2017-2018,https://www.govtrack.us/congress/members/liz_cheney/412732
Chu,Judy,Representative,California,27th,2013-2018,https://www.govtrack.us/congress/members/judy_chu/412379
Cicilline,David,Representative,Rhode Island,1st,2011-2018,https://www.govtrack.us/congress/members/david_cicilline/412470
Clark,Katherine,Representative,Massachusetts,5th,2013-2018,https://www.govtrack.us/congress/members/katherine_clark/412600
Clarke,Yvette,Representative,New York,9th,2013-2018,https://www.govtrack.us/congress/members/yvette_clarke/412221
Clay,Lacy,Representative,Missouri,1st,2001-2018,https://www.govtrack.us/congress/members/lacy_clay/400074
Cleaver,Emanuel,Representative,Missouri,5th,2005-2018,https://www.govtrack.us/congress/members/emanuel_cleaver/400639
Clyburn,James “Jim”,Representative,South Carolina,6th,1993-2018,https://www.govtrack.us/congress/members/james_clyburn/400075
Coffman,Mike,Representative,Colorado,6th,2009-2018,https://www.govtrack.us/congress/members/mike_coffman/412271
Cohen,Steve,Representative,Tennessee,9th,2007-2018,https://www.govtrack.us/congress/members/steve_cohen/412236
Cole,Tom,Representative,Oklahoma,4th,2003-2018,https://www.govtrack.us/congress/members/tom_cole/400077
Collins,Chris,Representative,New York,27th,2013-2018,https://www.govtrack.us/congress/members/chris_collins/412563
Collins,Doug,Representative,Georgia,9th,2013-2018,https://www.govtrack.us/congress/members/doug_collins/412531
Collins,Susan,Senator,Maine,0,1997-2020,https://www.govtrack.us/congress/members/susan_collins/300025
Comer,James,Representative,Kentucky,1st,2016-2018,https://www.govtrack.us/congress/members/james_comer/412676
Comstock,Barbara,Representative,Virginia,10th,2015-2018,https://www.govtrack.us/congress/members/barbara_comstock/412658
Conaway,Michael,Representative,Texas,11th,2005-2018,https://www.govtrack.us/congress/members/michael_conaway/400655
Connolly,Gerald,Representative,Virginia,11th,2009-2018,https://www.govtrack.us/congress/members/gerald_connolly/412272
Cook,Paul,Representative,California,8th,2013-2018,https://www.govtrack.us/congress/members/paul_cook/412513
Coons,Chris,Senator,Delaware,0,2010-2020,https://www.govtrack.us/congress/members/chris_coons/412390
Cooper,Jim,Representative,Tennessee,5th,2003-2018,https://www.govtrack.us/congress/members/jim_cooper/400081
Corker,Bob,Senator,Tennessee,0,2007-2018,https://www.govtrack.us/congress/members/bob_corker/412248
Cornyn,John,Senator,Texas,0,2002-2020,https://www.govtrack.us/congress/members/john_cornyn/300027
Correa,Luis,Representative,California,46th,2017-2018,https://www.govtrack.us/congress/members/luis_correa/412688
Cortez Masto,Catherine,Senator,Nevada,0,2017-2022,https://www.govtrack.us/congress/members/catherine_cortez_masto/412681
Costa,Jim,Representative,California,16th,2013-2018,https://www.govtrack.us/congress/members/jim_costa/400618
Costello,Ryan,Representative,Pennsylvania,6th,2015-2018,https://www.govtrack.us/congress/members/ryan_costello/412651
Cotton,Tom,Senator,Arkansas,0,2015-2020,https://www.govtrack.us/congress/members/tom_cotton/412508
Courtney,Joe,Representative,Connecticut,2nd,2007-2018,https://www.govtrack.us/congress/members/joe_courtney/412193
Cramer,Kevin,Representative,North Dakota,0,2013-2018,https://www.govtrack.us/congress/members/kevin_cramer/412555
Crapo,Michael,Senator,Idaho,0,1999-2022,https://www.govtrack.us/congress/members/michael_crapo/300030
Crawford,Eric “Rick”,Representative,Arkansas,1st,2011-2018,https://www.govtrack.us/congress/members/eric_crawford/412400
Crist,Charlie,Representative,Florida,13th,2017-2018,https://www.govtrack.us/congress/members/charlie_crist/412697
Crowley,Joseph “Joe”,Representative,New York,14th,2013-2018,https://www.govtrack.us/congress/members/joseph_crowley/400087
Cruz,Ted,Senator,Texas,0,2013-2018,https://www.govtrack.us/congress/members/ted_cruz/412573
Cuellar,Henry,Representative,Texas,28th,2005-2018,https://www.govtrack.us/congress/members/henry_cuellar/400657
Culberson,John,Representative,Texas,7th,2001-2018,https://www.govtrack.us/congress/members/john_culberson/400089
Cummings,Elijah,Representative,Maryland,7th,1996-2018,https://www.govtrack.us/congress/members/elijah_cummings/400090
Curbelo,Carlos,Representative,Florida,26th,2015-2018,https://www.govtrack.us/congress/members/carlos_curbelo/412621
Curtis,John,Representative,Utah,3rd,2017-2018,https://www.govtrack.us/congress/members/john_curtis/412740
Cárdenas,Tony,Representative,California,29th,2013-2018,https://www.govtrack.us/congress/members/tony_cardenas/412517
Daines,Steve,Senator,Montana,0,2015-2020,https://www.govtrack.us/congress/members/steve_daines/412549
Davidson,Warren,Representative,Ohio,8th,2016-2018,https://www.govtrack.us/congress/members/warren_davidson/412675
Davis,Danny,Representative,Illinois,7th,1997-2018,https://www.govtrack.us/congress/members/danny_davis/400093
Davis,Rodney,Representative,Illinois,13th,2013-2018,https://www.govtrack.us/congress/members/rodney_davis/412536
Davis,Susan,Representative,California,53rd,2003-2018,https://www.govtrack.us/congress/members/susan_davis/400097
DeFazio,Peter,Representative,Oregon,4th,1987-2018,https://www.govtrack.us/congress/members/peter_defazio/400100
DeGette,Diana,Representative,Colorado,1st,1997-2018,https://www.govtrack.us/congress/members/diana_degette/400101
DeLauro,Rosa,Representative,Connecticut,3rd,1991-2018,https://www.govtrack.us/congress/members/rosa_delauro/400103
DeSantis,Ron,Representative,Florida,6th,2013-2018,https://www.govtrack.us/congress/members/ron_desantis/412526
DeSaulnier,Mark,Representative,California,11th,2015-2018,https://www.govtrack.us/congress/members/mark_desaulnier/412613
DelBene,Suzan,Representative,Washington,1st,2012-2018,https://www.govtrack.us/congress/members/suzan_delbene/412505
Delaney,John,Representative,Maryland,6th,2013-2018,https://www.govtrack.us/congress/members/john_delaney/412544
Demings,Val,Representative,Florida,10th,2017-2018,https://www.govtrack.us/congress/members/val_demings/412696
Denham,Jeff,Representative,California,10th,2013-2018,https://www.govtrack.us/congress/members/jeff_denham/412403
Dent,Charles,Representative,Pennsylvania,15th,2005-2018,https://www.govtrack.us/congress/members/charles_dent/400648
DesJarlais,Scott,Representative,Tennessee,4th,2011-2018,https://www.govtrack.us/congress/members/scott_desjarlais/412477
Deutch,Theodore,Representative,Florida,22nd,2017-2018,https://www.govtrack.us/congress/members/theodore_deutch/412385
Diaz-Balart,Mario,Representative,Florida,25th,2013-2018,https://www.govtrack.us/congress/members/mario_diaz_balart/400108
Dingell,Debbie,Representative,Michigan,12th,2015-2018,https://www.govtrack.us/congress/members/debbie_dingell/412637
Doggett,Lloyd,Representative,Texas,35th,2013-2018,https://www.govtrack.us/congress/members/lloyd_doggett/400111
Donnelly,Joe,Senator,Indiana,0,2013-2018,https://www.govtrack.us/congress/members/joe_donnelly/412205
Donovan,Daniel,Representative,New York,11th,2015-2018,https://www.govtrack.us/congress/members/daniel_donovan/412672
Doyle,Michael “Mike”,Representative,Pennsylvania,14th,2003-2018,https://www.govtrack.us/congress/members/michael_doyle/400114
Duckworth,Tammy,Senator,Illinois,0,2017-2022,https://www.govtrack.us/congress/members/tammy_duckworth/412533
Duffy,Sean,Representative,Wisconsin,7th,2011-2018,https://www.govtrack.us/congress/members/sean_duffy/412488
Duncan,Jeff,Representative,South Carolina,3rd,2011-2018,https://www.govtrack.us/congress/members/jeff_duncan/412472
Duncan,John “Jimmy”,Representative,Tennessee,2nd,1988-2018,https://www.govtrack.us/congress/members/john_duncan/400116
Dunn,Neal,Representative,Florida,2nd,2017-2018,https://www.govtrack.us/congress/members/neal_dunn/412691
Durbin,Richard,Senator,Illinois,0,1997-2020,https://www.govtrack.us/congress/members/richard_durbin/300038
Ellison,Keith,Representative,Minnesota,5th,2007-2018,https://www.govtrack.us/congress/members/keith_ellison/412215
Emmer,Tom,Representative,Minnesota,6th,2015-2018,https://www.govtrack.us/congress/members/tom_emmer/412639
Engel,Eliot,Representative,New York,16th,2013-2018,https://www.govtrack.us/congress/members/eliot_engel/400122
Enzi,Michael,Senator,Wyoming,0,1997-2020,https://www.govtrack.us/congress/members/michael_enzi/300041
Ernst,Joni,Senator,Iowa,0,2015-2020,https://www.govtrack.us/congress/members/joni_ernst/412667
Eshoo,Anna,Representative,California,18th,2013-2018,https://www.govtrack.us/congress/members/anna_eshoo/400124
Espaillat,Adriano,Representative,New York,13th,2017-2018,https://www.govtrack.us/congress/members/adriano_espaillat/412718
Estes,Ron,Representative,Kansas,4th,2017-2018,https://www.govtrack.us/congress/members/ron_estes/412735
Esty,Elizabeth,Representative,Connecticut,5th,2013-2018,https://www.govtrack.us/congress/members/elizabeth_esty/412524
Evans,Dwight,Representative,Pennsylvania,2nd,2016-2018,https://www.govtrack.us/congress/members/dwight_evans/412677
Farenthold,Blake,Representative,Texas,27th,2011-2018,https://www.govtrack.us/congress/members/blake_farenthold/412482
Faso,John,Representative,New York,19th,2017-2018,https://www.govtrack.us/congress/members/john_faso/412719
Feinstein,Dianne,Senator,California,0,1992-2018,https://www.govtrack.us/congress/members/dianne_feinstein/300043
Ferguson,Drew,Representative,Georgia,3rd,2017-2018,https://www.govtrack.us/congress/members/drew_ferguson/412700
Fischer,Deb,Senator,Nebraska,0,2013-2018,https://www.govtrack.us/congress/members/deb_fischer/412556
Fitzpatrick,Brian,Representative,Pennsylvania,8th,2017-2018,https://www.govtrack.us/congress/members/brian_fitzpatrick/412721
Flake,Jeff,Senator,Arizona,0,2013-2018,https://www.govtrack.us/congress/members/jeff_flake/400134
Fleischmann,Charles “Chuck”,Representative,Tennessee,3rd,2011-2018,https://www.govtrack.us/congress/members/charles_fleischmann/412476
Flores,Bill,Representative,Texas,17th,2011-2018,https://www.govtrack.us/congress/members/bill_flores/412480
Fortenberry,Jeff,Representative,Nebraska,1st,2005-2018,https://www.govtrack.us/congress/members/jeff_fortenberry/400640
Foster,Bill,Representative,Illinois,11th,2013-2018,https://www.govtrack.us/congress/members/bill_foster/412257
Foxx,Virginia,Representative,North Carolina,5th,2005-2018,https://www.govtrack.us/congress/members/virginia_foxx/400643
Frankel,Lois,Representative,Florida,21st,2017-2018,https://www.govtrack.us/congress/members/lois_frankel/412529
Frelinghuysen,Rodney,Representative,New Jersey,11th,1995-2018,https://www.govtrack.us/congress/members/rodney_frelinghuysen/400142
Fudge,Marcia,Representative,Ohio,11th,2008-2018,https://www.govtrack.us/congress/members/marcia_fudge/412327
Gabbard,Tulsi,Representative,Hawaii,2nd,2013-2018,https://www.govtrack.us/congress/members/tulsi_gabbard/412532
Gaetz,Matt,Representative,Florida,1st,2017-2018,https://www.govtrack.us/congress/members/matt_gaetz/412690
Gallagher,Mike,Representative,Wisconsin,8th,2017-2018,https://www.govtrack.us/congress/members/mike_gallagher/412731
Gallego,Ruben,Representative,Arizona,7th,2015-2018,https://www.govtrack.us/congress/members/ruben_gallego/412612
Garamendi,John,Representative,California,3rd,2013-2018,https://www.govtrack.us/congress/members/john_garamendi/412382
Gardner,Cory,Senator,Colorado,0,2015-2020,https://www.govtrack.us/congress/members/cory_gardner/412406
Garrett,Thomas,Representative,Virginia,5th,2017-2018,https://www.govtrack.us/congress/members/thomas_garrett/412729
Gianforte,Greg,Representative,Montana,0,2017-2018,https://www.govtrack.us/congress/members/greg_gianforte/412736
Gibbs,Bob,Representative,Ohio,7th,2013-2018,https://www.govtrack.us/congress/members/bob_gibbs/412463
Gillibrand,Kirsten,Senator,New York,0,2009-2018,https://www.govtrack.us/congress/members/kirsten_gillibrand/412223
Gohmert,Louie,Representative,Texas,1st,2005-2018,https://www.govtrack.us/congress/members/louie_gohmert/400651
Gomez,Jimmy,Representative,California,34th,2017-2018,https://www.govtrack.us/congress/members/jimmy_gomez/412739
Gonzalez,Vicente,Representative,Texas,15th,2017-2018,https://www.govtrack.us/congress/members/vicente_gonzalez/412725
González-Colón,Jenniffer,Senator,Puerto Rico,0,2017-2020,https://www.govtrack.us/congress/members/jenniffer_gonzalez_colon/412723
Goodlatte,Bob,Representative,Virginia,6th,1993-2018,https://www.govtrack.us/congress/members/bob_goodlatte/400154
Gosar,Paul,Representative,Arizona,4th,2013-2018,https://www.govtrack.us/congress/members/paul_gosar/412397
Gottheimer,Josh,Representative,New Jersey,5th,2017-2018,https://www.govtrack.us/congress/members/josh_gottheimer/412714
Gowdy,Trey,Representative,South Carolina,4th,2011-2018,https://www.govtrack.us/congress/members/trey_gowdy/412473
Graham,Lindsey,Senator,South Carolina,0,2003-2020,https://www.govtrack.us/congress/members/lindsey_graham/300047
Granger,Kay,Representative,Texas,12th,1997-2018,https://www.govtrack.us/congress/members/kay_granger/400157
Grassley,Charles “Chuck”,Senator,Iowa,0,1981-2022,https://www.govtrack.us/congress/members/charles_grassley/300048
Graves,Garret,Representative,Louisiana,6th,2015-2018,https://www.govtrack.us/congress/members/garret_graves/412631
Graves,Sam,Representative,Missouri,6th,2001-2018,https://www.govtrack.us/congress/members/sam_graves/400158
Graves,Tom,Representative,Georgia,14th,2013-2018,https://www.govtrack.us/congress/members/tom_graves/412388
Green,Al,Representative,Texas,9th,2005-2018,https://www.govtrack.us/congress/members/al_green/400653
Green,Gene,Representative,Texas,29th,1993-2018,https://www.govtrack.us/congress/members/gene_green/400160
Griffith,Morgan,Representative,Virginia,9th,2011-2018,https://www.govtrack.us/congress/members/morgan_griffith/412485
Grijalva,Raúl,Representative,Arizona,3rd,2013-2018,https://www.govtrack.us/congress/members/raul_grijalva/400162
Grothman,Glenn,Representative,Wisconsin,6th,2015-2018,https://www.govtrack.us/congress/members/glenn_grothman/412661
Guthrie,Brett,Representative,Kentucky,2nd,2009-2018,https://www.govtrack.us/congress/members/brett_guthrie/412278
Gutiérrez,Luis,Representative,Illinois,4th,1993-2018,https://www.govtrack.us/congress/members/luis_gutierrez/400163
Hanabusa,Colleen,Representative,Hawaii,1st,2016-2018,https://www.govtrack.us/congress/members/colleen_hanabusa/412418
Handel,Karen,Representative,Georgia,6th,2017-2018,https://www.govtrack.us/congress/members/karen_handel/412737
Harper,Gregg,Representative,Mississippi,3rd,2009-2018,https://www.govtrack.us/congress/members/gregg_harper/412280
Harris,Andy,Representative,Maryland,1st,2011-2018,https://www.govtrack.us/congress/members/andy_harris/412434
Harris,Kamala,Senator,California,0,2017-2022,https://www.govtrack.us/congress/members/kamala_harris/412678
Hartzler,Vicky,Representative,Missouri,4th,2011-2018,https://www.govtrack.us/congress/members/vicky_hartzler/412444
Hassan,Margaret “Maggie”,Senator,New Hampshire,0,2017-2022,https://www.govtrack.us/congress/members/margaret_hassan/412680
Hastings,Alcee,Representative,Florida,20th,2013-2018,https://www.govtrack.us/congress/members/alcee_hastings/400170
Hatch,Orrin,Senator,Utah,0,1977-2018,https://www.govtrack.us/congress/members/orrin_hatch/300052
Heck,Denny,Representative,Washington,10th,2013-2018,https://www.govtrack.us/congress/members/denny_heck/412584
Heinrich,Martin,Senator,New Mexico,0,2013-2018,https://www.govtrack.us/congress/members/martin_heinrich/412281
Heitkamp,Heidi,Senator,North Dakota,0,2013-2018,https://www.govtrack.us/congress/members/heidi_heitkamp/412554
Heller,Dean,Senator,Nevada,0,2011-2018,https://www.govtrack.us/congress/members/dean_heller/412218
Hensarling,Jeb,Representative,Texas,5th,2003-2018,https://www.govtrack.us/congress/members/jeb_hensarling/400175
Herrera Beutler,Jaime,Representative,Washington,3rd,2011-2018,https://www.govtrack.us/congress/members/jaime_herrera_beutler/412486
Hice,Jody,Representative,Georgia,10th,2015-2018,https://www.govtrack.us/congress/members/jody_hice/412623
Higgins,Brian,Representative,New York,26th,2013-2018,https://www.govtrack.us/congress/members/brian_higgins/400641
Higgins,Clay,Representative,Louisiana,3rd,2017-2018,https://www.govtrack.us/congress/members/clay_higgins/412705
Hill,French,Representative,Arkansas,2nd,2015-2018,https://www.govtrack.us/congress/members/french_hill/412609
Himes,James,Representative,Connecticut,4th,2009-2018,https://www.govtrack.us/congress/members/james_himes/412282
Hirono,Mazie,Senator,Hawaii,0,2013-2018,https://www.govtrack.us/congress/members/mazie_hirono/412200
Hoeven,John,Senator,North Dakota,0,2011-2022,https://www.govtrack.us/congress/members/john_hoeven/412494
Holding,George,Representative,North Carolina,2nd,2017-2018,https://www.govtrack.us/congress/members/george_holding/412553
Hollingsworth,Trey,Representative,Indiana,9th,2017-2018,https://www.govtrack.us/congress/members/trey_hollingsworth/412703
Hoyer,Steny,Representative,Maryland,5th,1981-2018,https://www.govtrack.us/congress/members/steny_hoyer/400189
Hudson,Richard,Representative,North Carolina,8th,2013-2018,https://www.govtrack.us/congress/members/richard_hudson/412550
Huffman,Jared,Representative,California,2nd,2013-2018,https://www.govtrack.us/congress/members/jared_huffman/412511
Huizenga,Bill,Representative,Michigan,2nd,2011-2018,https://www.govtrack.us/congress/members/bill_huizenga/412437
Hultgren,Randy,Representative,Illinois,14th,2011-2018,https://www.govtrack.us/congress/members/randy_hultgren/412422
Hunter,Duncan,Representative,California,50th,2013-2018,https://www.govtrack.us/congress/members/duncan_hunter/412283
Hurd,Will,Representative,Texas,23rd,2015-2018,https://www.govtrack.us/congress/members/will_hurd/412654
Inhofe,James “Jim”,Senator,Oklahoma,0,1994-2020,https://www.govtrack.us/congress/members/james_inhofe/300055
Isakson,John “Johnny”,Senator,Georgia,0,2005-2022,https://www.govtrack.us/congress/members/john_isakson/400194
Issa,Darrell,Representative,California,49th,2003-2018,https://www.govtrack.us/congress/members/darrell_issa/400196
Jackson Lee,Sheila,Representative,Texas,18th,1995-2018,https://www.govtrack.us/congress/members/sheila_jackson_lee/400199
Jayapal,Pramila,Representative,Washington,7th,2017-2018,https://www.govtrack.us/congress/members/pramila_jayapal/412730
Jeffries,Hakeem,Representative,New York,8th,2013-2018,https://www.govtrack.us/congress/members/hakeem_jeffries/412561
Jenkins,Evan,Representative,West Virginia,3rd,2015-2018,https://www.govtrack.us/congress/members/evan_jenkins/412663
Jenkins,Lynn,Representative,Kansas,2nd,2009-2018,https://www.govtrack.us/congress/members/lynn_jenkins/412284
Johnson,Bill,Representative,Ohio,6th,2011-2018,https://www.govtrack.us/congress/members/bill_johnson/412460
Johnson,Eddie,Representative,Texas,30th,1993-2018,https://www.govtrack.us/congress/members/eddie_johnson/400204
Johnson,Henry “Hank”,Representative,Georgia,4th,2007-2018,https://www.govtrack.us/congress/members/henry_johnson/412199
Johnson,Mike,Representative,Louisiana,4th,2017-2018,https://www.govtrack.us/congress/members/mike_johnson/412706
Johnson,Ron,Senator,Wisconsin,0,2011-2022,https://www.govtrack.us/congress/members/ron_johnson/412496
Johnson,Sam,Representative,Texas,3rd,1991-2018,https://www.govtrack.us/congress/members/sam_johnson/400206
Jones,Doug,Senator,Alabama,0,2018-2020,https://www.govtrack.us/congress/members/doug_jones/412741
Jones,Walter,Representative,North Carolina,3rd,1995-2018,https://www.govtrack.us/congress/members/walter_jones/400209
Jordan,Jim,Representative,Ohio,4th,2007-2018,https://www.govtrack.us/congress/members/jim_jordan/412226
Joyce,David,Representative,Ohio,14th,2013-2018,https://www.govtrack.us/congress/members/david_joyce/412566
Kaine,Timothy,Senator,Virginia,0,2013-2018,https://www.govtrack.us/congress/members/timothy_kaine/412582
Kaptur,Marcy,Representative,Ohio,9th,1983-2018,https://www.govtrack.us/congress/members/marcy_kaptur/400211
Katko,John,Representative,New York,24th,2015-2018,https://www.govtrack.us/congress/members/john_katko/412649
Keating,William,Representative,Massachusetts,9th,2013-2018,https://www.govtrack.us/congress/members/william_keating/412435
Kelly,Mike,Representative,Pennsylvania,3rd,2011-2018,https://www.govtrack.us/congress/members/mike_kelly/412465
Kelly,Robin,Representative,Illinois,2nd,2013-2018,https://www.govtrack.us/congress/members/robin_kelly/412595
Kelly,Trent,Representative,Mississippi,1st,2015-2018,https://www.govtrack.us/congress/members/trent_kelly/412673
Kennedy,John,Senator,Louisiana,0,2017-2022,https://www.govtrack.us/congress/members/john_kennedy/412679
Kennedy,Joseph,Representative,Massachusetts,4th,2013-2018,https://www.govtrack.us/congress/members/joseph_kennedy/412543
Khanna,Ro,Representative,California,17th,2017-2018,https://www.govtrack.us/congress/members/ro_khanna/412684
Kihuen,Ruben,Representative,Nevada,4th,2017-2018,https://www.govtrack.us/congress/members/ruben_kihuen/412716
Kildee,Daniel,Representative,Michigan,5th,2013-2018,https://www.govtrack.us/congress/members/daniel_kildee/412546
Kilmer,Derek,Representative,Washington,6th,2013-2018,https://www.govtrack.us/congress/members/derek_kilmer/412583
Kind,Ron,Representative,Wisconsin,3rd,1997-2018,https://www.govtrack.us/congress/members/ron_kind/400218
King,Angus,Senator,Maine,0,2013-2018,https://www.govtrack.us/congress/members/angus_king/412545
King,Peter “Pete”,Representative,New York,2nd,2013-2018,https://www.govtrack.us/congress/members/peter_king/400219
King,Steve,Representative,Iowa,4th,2013-2018,https://www.govtrack.us/congress/members/steve_king/400220
Kinzinger,Adam,Representative,Illinois,16th,2013-2018,https://www.govtrack.us/congress/members/adam_kinzinger/412421
Klobuchar,Amy,Senator,Minnesota,0,2007-2018,https://www.govtrack.us/congress/members/amy_klobuchar/412242
Knight,Steve,Representative,California,25th,2015-2018,https://www.govtrack.us/congress/members/steve_knight/412614
Krishnamoorthi,Raja,Representative,Illinois,8th,2017-2018,https://www.govtrack.us/congress/members/raja_krishnamoorthi/412701
Kuster,Ann,Representative,New Hampshire,2nd,2013-2018,https://www.govtrack.us/congress/members/ann_kuster/412557
Kustoff,David,Representative,Tennessee,8th,2017-2018,https://www.govtrack.us/congress/members/david_kustoff/412724
LaHood,Darin,Representative,Illinois,18th,2015-2018,https://www.govtrack.us/congress/members/darin_lahood/412674
LaMalfa,Doug,Representative,California,1st,2013-2018,https://www.govtrack.us/congress/members/doug_lamalfa/412510
Labrador,Raúl,Representative,Idaho,1st,2011-2018,https://www.govtrack.us/congress/members/raul_labrador/412419
Lamborn,Doug,Representative,Colorado,5th,2007-2018,https://www.govtrack.us/congress/members/doug_lamborn/412191
Lance,Leonard,Representative,New Jersey,7th,2009-2018,https://www.govtrack.us/congress/members/leonard_lance/412290
Langevin,James “Jim”,Representative,Rhode Island,2nd,2001-2018,https://www.govtrack.us/congress/members/james_langevin/400230
Lankford,James,Senator,Oklahoma,0,2015-2022,https://www.govtrack.us/congress/members/james_lankford/412464
Larsen,Rick,Representative,Washington,2nd,2001-2018,https://www.govtrack.us/congress/members/rick_larsen/400232
Larson,John,Representative,Connecticut,1st,1999-2018,https://www.govtrack.us/congress/members/john_larson/400233
Latta,Robert,Representative,Ohio,5th,2007-2018,https://www.govtrack.us/congress/members/robert_latta/412256
Lawrence,Brenda,Representative,Michigan,14th,2015-2018,https://www.govtrack.us/congress/members/brenda_lawrence/412638
Lawson,Al,Representative,Florida,5th,2017-2018,https://www.govtrack.us/congress/members/al_lawson/412693
Leahy,Patrick,Senator,Vermont,0,1975-2022,https://www.govtrack.us/congress/members/patrick_leahy/300065
Lee,Barbara,Representative,California,13th,2013-2018,https://www.govtrack.us/congress/members/barbara_lee/400237
Lee,Mike,Senator,Utah,0,2011-2022,https://www.govtrack.us/congress/members/mike_lee/412495
Levin,Sander,Representative,Michigan,9th,2013-2018,https://www.govtrack.us/congress/members/sander_levin/400238
Lewis,Jason,Representative,Minnesota,2nd,2017-2018,https://www.govtrack.us/congress/members/jason_lewis/412711
Lewis,John,Representative,Georgia,5th,1987-2018,https://www.govtrack.us/congress/members/john_lewis/400240
Lieu,Ted,Representative,California,33rd,2015-2018,https://www.govtrack.us/congress/members/ted_lieu/412616
Lipinski,Daniel,Representative,Illinois,3rd,2005-2018,https://www.govtrack.us/congress/members/daniel_lipinski/400630
LoBiondo,Frank,Representative,New Jersey,2nd,1995-2018,https://www.govtrack.us/congress/members/frank_lobiondo/400244
Loebsack,David,Representative,Iowa,2nd,2007-2018,https://www.govtrack.us/congress/members/david_loebsack/412209
Lofgren,Zoe,Representative,California,19th,2013-2018,https://www.govtrack.us/congress/members/zoe_lofgren/400245
Long,Billy,Representative,Missouri,7th,2011-2018,https://www.govtrack.us/congress/members/billy_long/412445
Loudermilk,Barry,Representative,Georgia,11th,2015-2018,https://www.govtrack.us/congress/members/barry_loudermilk/412624
Love,Mia,Representative,Utah,4th,2015-2018,https://www.govtrack.us/congress/members/mia_love/412656
Lowenthal,Alan,Representative,California,47th,2013-2018,https://www.govtrack.us/congress/members/alan_lowenthal/412521
Lowey,Nita,Representative,New York,17th,2013-2018,https://www.govtrack.us/congress/members/nita_lowey/400246
Lucas,Frank,Representative,Oklahoma,3rd,2003-2018,https://www.govtrack.us/congress/members/frank_lucas/400247
Luetkemeyer,Blaine,Representative,Missouri,3rd,2013-2018,https://www.govtrack.us/congress/members/blaine_luetkemeyer/412292
Lujan Grisham,Michelle,Representative,New Mexico,1st,2013-2018,https://www.govtrack.us/congress/members/michelle_lujan_grisham/412558
Luján,Ben,Representative,New Mexico,3rd,2009-2018,https://www.govtrack.us/congress/members/ben_lujan/412293
Lynch,Stephen,Representative,Massachusetts,8th,2013-2018,https://www.govtrack.us/congress/members/stephen_lynch/400249
MacArthur,Tom,Representative,New Jersey,3rd,2015-2018,https://www.govtrack.us/congress/members/tom_macarthur/412643
Maloney,Carolyn,Representative,New York,12th,2013-2018,https://www.govtrack.us/congress/members/carolyn_maloney/400251
Maloney,Sean,Representative,New York,18th,2013-2018,https://www.govtrack.us/congress/members/sean_maloney/412562
Manchin,Joe,Senator,West Virginia,0,2010-2018,https://www.govtrack.us/congress/members/joe_manchin/412391
Marchant,Kenny,Representative,Texas,24th,2005-2018,https://www.govtrack.us/congress/members/kenny_marchant/400656
Marino,Tom,Representative,Pennsylvania,10th,2011-2018,https://www.govtrack.us/congress/members/tom_marino/412468
Markey,Edward “Ed”,Senator,Massachusetts,0,2013-2020,https://www.govtrack.us/congress/members/edward_markey/400253
Marshall,Roger,Representative,Kansas,1st,2017-2018,https://www.govtrack.us/congress/members/roger_marshall/412704
Massie,Thomas,Representative,Kentucky,4th,2012-2018,https://www.govtrack.us/congress/members/thomas_massie/412503
Mast,Brian,Representative,Florida,18th,2017-2018,https://www.govtrack.us/congress/members/brian_mast/412698
Matsui,Doris,Representative,California,6th,2013-2018,https://www.govtrack.us/congress/members/doris_matsui/400663
McCain,John,Senator,Arizona,0,1987-2022,https://www.govtrack.us/congress/members/john_mccain/300071
McCarthy,Kevin,Representative,California,23rd,2013-2018,https://www.govtrack.us/congress/members/kevin_mccarthy/412190
McCaskill,Claire,Senator,Missouri,0,2007-2018,https://www.govtrack.us/congress/members/claire_mccaskill/412243
McCaul,Michael,Representative,Texas,10th,2005-2018,https://www.govtrack.us/congress/members/michael_mccaul/400654
McClintock,Tom,Representative,California,4th,2009-2018,https://www.govtrack.us/congress/members/tom_mcclintock/412295
McCollum,Betty,Representative,Minnesota,4th,2001-2018,https://www.govtrack.us/congress/members/betty_mccollum/400259
McConnell,Mitch,Senator,Kentucky,0,1985-2020,https://www.govtrack.us/congress/members/mitch_mcconnell/300072
McEachin,Donald,Representative,Virginia,4th,2017-2018,https://www.govtrack.us/congress/members/donald_mceachin/412728
McGovern,James “Jim”,Representative,Massachusetts,2nd,2013-2018,https://www.govtrack.us/congress/members/james_mcgovern/400263
McHenry,Patrick,Representative,North Carolina,10th,2005-2018,https://www.govtrack.us/congress/members/patrick_mchenry/400644
McKinley,David,Representative,West Virginia,1st,2011-2018,https://www.govtrack.us/congress/members/david_mckinley/412487
McMorris Rodgers,Cathy,Representative,Washington,5th,2005-2018,https://www.govtrack.us/congress/members/cathy_mcmorris_rodgers/400659
McNerney,Jerry,Representative,California,9th,2013-2018,https://www.govtrack.us/congress/members/jerry_mcnerney/412189
McSally,Martha,Representative,Arizona,2nd,2015-2018,https://www.govtrack.us/congress/members/martha_mcsally/412611
Meadows,Mark,Representative,North Carolina,11th,2013-2018,https://www.govtrack.us/congress/members/mark_meadows/412552
Meehan,Patrick,Representative,Pennsylvania,7th,2011-2018,https://www.govtrack.us/congress/members/patrick_meehan/412466
Meeks,Gregory,Representative,New York,5th,2013-2018,https://www.govtrack.us/congress/members/gregory_meeks/400271
Meng,Grace,Representative,New York,6th,2013-2018,https://www.govtrack.us/congress/members/grace_meng/412560
Menéndez,Robert “Bob”,Senator,New Jersey,0,2006-2018,https://www.govtrack.us/congress/members/robert_menendez/400272
Merkley,Jeff,Senator,Oregon,0,2009-2020,https://www.govtrack.us/congress/members/jeff_merkley/412325
Messer,Luke,Representative,Indiana,6th,2013-2018,https://www.govtrack.us/congress/members/luke_messer/412540
Mitchell,Paul,Representative,Michigan,10th,2017-2018,https://www.govtrack.us/congress/members/paul_mitchell/412710
Moolenaar,John,Representative,Michigan,4th,2015-2018,https://www.govtrack.us/congress/members/john_moolenaar/412634
Mooney,Alex,Representative,West Virginia,2nd,2015-2018,https://www.govtrack.us/congress/members/alex_mooney/412662
Moore,Gwen,Representative,Wisconsin,4th,2005-2018,https://www.govtrack.us/congress/members/gwen_moore/400661
Moran,Jerry,Senator,Kansas,0,2011-2022,https://www.govtrack.us/congress/members/jerry_moran/400284
Moulton,Seth,Representative,Massachusetts,6th,2015-2018,https://www.govtrack.us/congress/members/seth_moulton/412632
Mullin,Markwayne,Representative,Oklahoma,2nd,2013-2018,https://www.govtrack.us/congress/members/markwayne_mullin/412568
Murkowski,Lisa,Senator,Alaska,0,2003-2022,https://www.govtrack.us/congress/members/lisa_murkowski/300075
Murphy,Christopher,Senator,Connecticut,0,2013-2018,https://www.govtrack.us/congress/members/christopher_murphy/412194
Murphy,Stephanie,Representative,Florida,7th,2017-2018,https://www.govtrack.us/congress/members/stephanie_murphy/412694
Murray,Patty,Senator,Washington,0,1993-2022,https://www.govtrack.us/congress/members/patty_murray/300076
Nadler,Jerrold,Representative,New York,10th,2013-2018,https://www.govtrack.us/congress/members/jerrold_nadler/400289
Napolitano,Grace,Representative,California,32nd,2013-2018,https://www.govtrack.us/congress/members/grace_napolitano/400290
Neal,Richard,Representative,Massachusetts,1st,2013-2018,https://www.govtrack.us/congress/members/richard_neal/400291
Nelson,Bill,Senator,Florida,0,2001-2018,https://www.govtrack.us/congress/members/bill_nelson/300078
Newhouse,Dan,Representative,Washington,4th,2015-2018,https://www.govtrack.us/congress/members/dan_newhouse/412660
Noem,Kristi,Representative,South Dakota,0,2011-2018,https://www.govtrack.us/congress/members/kristi_noem/412475
Nolan,Richard,Representative,Minnesota,8th,2013-2018,https://www.govtrack.us/congress/members/richard_nolan/408211
Norcross,Donald,Representative,New Jersey,1st,2014-2018,https://www.govtrack.us/congress/members/donald_norcross/412606
Norman,Ralph,Representative,South Carolina,5th,2017-2018,https://www.govtrack.us/congress/members/ralph_norman/412738
Norton,Eleanor,Senator,the District of Columbia,0,1991-2018,https://www.govtrack.us/congress/members/eleanor_norton/400295
Nunes,Devin,Representative,California,22nd,2013-2018,https://www.govtrack.us/congress/members/devin_nunes/400297
Olson,Pete,Representative,Texas,22nd,2009-2018,https://www.govtrack.us/congress/members/pete_olson/412302
O’Halleran,Tom,Representative,Arizona,1st,2017-2018,https://www.govtrack.us/congress/members/tom_ohalleran/412682
O’Rourke,Beto,Representative,Texas,16th,2013-2018,https://www.govtrack.us/congress/members/beto_orourke/412575
Palazzo,Steven,Representative,Mississippi,4th,2011-2018,https://www.govtrack.us/congress/members/steven_palazzo/412443
Pallone,Frank,Representative,New Jersey,6th,1993-2018,https://www.govtrack.us/congress/members/frank_pallone/400308
Palmer,Gary,Representative,Alabama,6th,2015-2018,https://www.govtrack.us/congress/members/gary_palmer/412608
Panetta,Jimmy,Representative,California,20th,2017-2018,https://www.govtrack.us/congress/members/jimmy_panetta/412685
Pascrell,Bill,Representative,New Jersey,9th,2013-2018,https://www.govtrack.us/congress/members/bill_pascrell/400309
Paul,Rand,Senator,Kentucky,0,2011-2022,https://www.govtrack.us/congress/members/rand_paul/412492
Paulsen,Erik,Representative,Minnesota,3rd,2009-2018,https://www.govtrack.us/congress/members/erik_paulsen/412303
Payne,Donald,Representative,New Jersey,10th,2012-2018,https://www.govtrack.us/congress/members/donald_payne/412506
Pearce,Stevan “Steve”,Representative,New Mexico,2nd,2011-2018,https://www.govtrack.us/congress/members/stevan_pearce/400313
Pelosi,Nancy,Representative,California,12th,2013-2018,https://www.govtrack.us/congress/members/nancy_pelosi/400314
Perdue,David,Senator,Georgia,0,2015-2020,https://www.govtrack.us/congress/members/david_perdue/412666
Perlmutter,Ed,Representative,Colorado,7th,2007-2018,https://www.govtrack.us/congress/members/ed_perlmutter/412192
Perry,Scott,Representative,Pennsylvania,4th,2013-2018,https://www.govtrack.us/congress/members/scott_perry/412569
Peters,Gary,Senator,Michigan,0,2015-2020,https://www.govtrack.us/congress/members/gary_peters/412305
Peters,Scott,Representative,California,52nd,2013-2018,https://www.govtrack.us/congress/members/scott_peters/412523
Peterson,Collin,Representative,Minnesota,7th,1991-2018,https://www.govtrack.us/congress/members/collin_peterson/400316
Pingree,Chellie,Representative,Maine,1st,2009-2018,https://www.govtrack.us/congress/members/chellie_pingree/412307
Pittenger,Robert,Representative,North Carolina,9th,2013-2018,https://www.govtrack.us/congress/members/robert_pittenger/412551
Plaskett,Stacey,Senator,the Virgin Islands,0,2015-2018,https://www.govtrack.us/congress/members/stacey_plaskett/412659
Pocan,Mark,Representative,Wisconsin,2nd,2013-2018,https://www.govtrack.us/congress/members/mark_pocan/412585
Poe,Ted,Representative,Texas,2nd,2005-2018,https://www.govtrack.us/congress/members/ted_poe/400652
Poliquin,Bruce,Representative,Maine,2nd,2015-2018,https://www.govtrack.us/congress/members/bruce_poliquin/412633
Polis,Jared,Representative,Colorado,2nd,2009-2018,https://www.govtrack.us/congress/members/jared_polis/412308
Portman,Robert “Rob”,Senator,Ohio,0,2011-2022,https://www.govtrack.us/congress/members/robert_portman/400325
Posey,Bill,Representative,Florida,8th,2013-2018,https://www.govtrack.us/congress/members/bill_posey/412309
Price,David,Representative,North Carolina,4th,1997-2018,https://www.govtrack.us/congress/members/david_price/400326
Quigley,Mike,Representative,Illinois,5th,2009-2018,https://www.govtrack.us/congress/members/mike_quigley/412331
Raskin,Jamie,Representative,Maryland,8th,2017-2018,https://www.govtrack.us/congress/members/jamie_raskin/412708
Ratcliffe,John,Representative,Texas,4th,2015-2018,https://www.govtrack.us/congress/members/john_ratcliffe/412653
Reed,John “Jack”,Senator,Rhode Island,0,1997-2020,https://www.govtrack.us/congress/members/john_reed/300081
Reed,Tom,Representative,New York,23rd,2013-2018,https://www.govtrack.us/congress/members/tom_reed/412393
Reichert,David,Representative,Washington,8th,2005-2018,https://www.govtrack.us/congress/members/david_reichert/400660
Renacci,James,Representative,Ohio,16th,2011-2018,https://www.govtrack.us/congress/members/james_renacci/412462
Rice,Kathleen,Representative,New York,4th,2015-2018,https://www.govtrack.us/congress/members/kathleen_rice/412647
Rice,Tom,Representative,South Carolina,7th,2013-2018,https://www.govtrack.us/congress/members/tom_rice/412572
Richmond,Cedric,Representative,Louisiana,2nd,2011-2018,https://www.govtrack.us/congress/members/cedric_richmond/412432
Risch,James,Senator,Idaho,0,2009-2020,https://www.govtrack.us/congress/members/james_risch/412322
Roberts,Pat,Senator,Kansas,0,1997-2020,https://www.govtrack.us/congress/members/pat_roberts/300083
Roby,Martha,Representative,Alabama,2nd,2011-2018,https://www.govtrack.us/congress/members/martha_roby/412394
Roe,David “Phil”,Representative,Tennessee,1st,2009-2018,https://www.govtrack.us/congress/members/david_roe/412310
Rogers,Harold “Hal”,Representative,Kentucky,5th,1981-2018,https://www.govtrack.us/congress/members/harold_rogers/400340
Rogers,Mike,Representative,Alabama,3rd,2003-2018,https://www.govtrack.us/congress/members/mike_rogers/400341
Rohrabacher,Dana,Representative,California,48th,2013-2018,https://www.govtrack.us/congress/members/dana_rohrabacher/400343
Rokita,Todd,Representative,Indiana,4th,2011-2018,https://www.govtrack.us/congress/members/todd_rokita/412426
Rooney,Francis,Representative,Florida,19th,2017-2018,https://www.govtrack.us/congress/members/francis_rooney/412699
Rooney,Thomas,Representative,Florida,17th,2013-2018,https://www.govtrack.us/congress/members/thomas_rooney/412311
Ros-Lehtinen,Ileana,Representative,Florida,27th,2013-2018,https://www.govtrack.us/congress/members/ileana_ros_lehtinen/400344
Rosen,Jacky,Representative,Nevada,3rd,2017-2018,https://www.govtrack.us/congress/members/jacky_rosen/412715
Roskam,Peter,Representative,Illinois,6th,2007-2018,https://www.govtrack.us/congress/members/peter_roskam/412202
Ross,Dennis,Representative,Florida,15th,2013-2018,https://www.govtrack.us/congress/members/dennis_ross/412411
Rothfus,Keith,Representative,Pennsylvania,12th,2013-2018,https://www.govtrack.us/congress/members/keith_rothfus/412570
Rounds,Mike,Senator,South Dakota,0,2015-2020,https://www.govtrack.us/congress/members/mike_rounds/412669
Rouzer,David,Representative,North Carolina,7th,2015-2018,https://www.govtrack.us/congress/members/david_rouzer/412641
Roybal-Allard,Lucille,Representative,California,40th,2013-2018,https://www.govtrack.us/congress/members/lucille_roybal_allard/400347
Royce,Edward “Ed”,Representative,California,39th,2013-2018,https://www.govtrack.us/congress/members/edward_royce/400348
Rubio,Marco,Senator,Florida,0,2011-2022,https://www.govtrack.us/congress/members/marco_rubio/412491
Ruiz,Raul,Representative,California,36th,2013-2018,https://www.govtrack.us/congress/members/raul_ruiz/412519
Ruppersberger,A. Dutch,Representative,Maryland,2nd,2003-2018,https://www.govtrack.us/congress/members/a_dutch_ruppersberger/400349
Rush,Bobby,Representative,Illinois,1st,1993-2018,https://www.govtrack.us/congress/members/bobby_rush/400350
Russell,Steve,Representative,Oklahoma,5th,2015-2018,https://www.govtrack.us/congress/members/steve_russell/412650
Rutherford,John,Representative,Florida,4th,2017-2018,https://www.govtrack.us/congress/members/john_rutherford/412692
Ryan,Paul,Representative,Wisconsin,1st,1999-2018,https://www.govtrack.us/congress/members/paul_ryan/400351
Ryan,Tim,Representative,Ohio,13th,2013-2018,https://www.govtrack.us/congress/members/tim_ryan/400352
Sablan,Gregorio,Senator,the Northern Mariana Islands,0,2009-2018,https://www.govtrack.us/congress/members/gregorio_sablan/412312
Sanders,Bernard “Bernie”,Senator,Vermont,0,2007-2018,https://www.govtrack.us/congress/members/bernard_sanders/400357
Sanford,Marshall “Mark”,Representative,South Carolina,1st,2013-2018,https://www.govtrack.us/congress/members/marshall_sanford/400607
Sarbanes,John,Representative,Maryland,3rd,2007-2018,https://www.govtrack.us/congress/members/john_sarbanes/412212
Sasse,Benjamin,Senator,Nebraska,0,2015-2020,https://www.govtrack.us/congress/members/benjamin_sasse/412671
Scalise,Steve,Representative,Louisiana,1st,2008-2018,https://www.govtrack.us/congress/members/steve_scalise/412261
Schakowsky,Janice “Jan”,Representative,Illinois,9th,1999-2018,https://www.govtrack.us/congress/members/janice_schakowsky/400360
Schatz,Brian,Senator,Hawaii,0,2012-2022,https://www.govtrack.us/congress/members/brian_schatz/412507
Schiff,Adam,Representative,California,28th,2013-2018,https://www.govtrack.us/congress/members/adam_schiff/400361
Schneider,Bradley,Representative,Illinois,10th,2017-2018,https://www.govtrack.us/congress/members/bradley_schneider/412534
Schrader,Kurt,Representative,Oregon,5th,2009-2018,https://www.govtrack.us/congress/members/kurt_schrader/412315
Schumer,Charles “Chuck”,Senator,New York,0,1999-2022,https://www.govtrack.us/congress/members/charles_schumer/300087
Schweikert,David,Representative,Arizona,6th,2013-2018,https://www.govtrack.us/congress/members/david_schweikert/412399
Scott,Austin,Representative,Georgia,8th,2011-2018,https://www.govtrack.us/congress/members/austin_scott/412417
Scott,David,Representative,Georgia,13th,2003-2018,https://www.govtrack.us/congress/members/david_scott/400363
Scott,Robert “Bobby”,Representative,Virginia,3rd,1993-2018,https://www.govtrack.us/congress/members/robert_scott/400364
Scott,Tim,Senator,South Carolina,0,2013-2022,https://www.govtrack.us/congress/members/tim_scott/412471
Sensenbrenner,James,Representative,Wisconsin,5th,2003-2018,https://www.govtrack.us/congress/members/james_sensenbrenner/400365
Serrano,José,Representative,New York,15th,2013-2018,https://www.govtrack.us/congress/members/jose_serrano/400366
Sessions,Pete,Representative,Texas,32nd,2003-2018,https://www.govtrack.us/congress/members/pete_sessions/400367
Sewell,Terri,Representative,Alabama,7th,2011-2018,https://www.govtrack.us/congress/members/terri_sewell/412396
Shaheen,Jeanne,Senator,New Hampshire,0,2009-2020,https://www.govtrack.us/congress/members/jeanne_shaheen/412323
Shea-Porter,Carol,Representative,New Hampshire,1st,2017-2018,https://www.govtrack.us/congress/members/carol_shea_porter/412219
Shelby,Richard,Senator,Alabama,0,1987-2022,https://www.govtrack.us/congress/members/richard_shelby/300089
Sherman,Brad,Representative,California,30th,2013-2018,https://www.govtrack.us/congress/members/brad_sherman/400371
Shimkus,John,Representative,Illinois,15th,2013-2018,https://www.govtrack.us/congress/members/john_shimkus/400373
Shuster,Bill,Representative,Pennsylvania,9th,2001-2018,https://www.govtrack.us/congress/members/bill_shuster/409888
Simpson,Michael “Mike”,Representative,Idaho,2nd,1999-2018,https://www.govtrack.us/congress/members/michael_simpson/400376
Sinema,Kyrsten,Representative,Arizona,9th,2013-2018,https://www.govtrack.us/congress/members/kyrsten_sinema/412509
Sires,Albio,Representative,New Jersey,8th,2013-2018,https://www.govtrack.us/congress/members/albio_sires/412186
Smith,Adam,Representative,Washington,9th,1997-2018,https://www.govtrack.us/congress/members/adam_smith/400379
Smith,Adrian,Representative,Nebraska,3rd,2007-2018,https://www.govtrack.us/congress/members/adrian_smith/412217
Smith,Christopher “Chris”,Representative,New Jersey,4th,1981-2018,https://www.govtrack.us/congress/members/christopher_smith/400380
Smith,Jason,Representative,Missouri,8th,2013-2018,https://www.govtrack.us/congress/members/jason_smith/412596
Smith,Lamar,Representative,Texas,21st,1987-2018,https://www.govtrack.us/congress/members/lamar_smith/400381
Smith,Tina,Senator,Minnesota,0,2018-2020,https://www.govtrack.us/congress/members/tina_smith/412742
Smucker,Lloyd,Representative,Pennsylvania,16th,2017-2018,https://www.govtrack.us/congress/members/lloyd_smucker/412722
Soto,Darren,Representative,Florida,9th,2017-2018,https://www.govtrack.us/congress/members/darren_soto/412695
Speier,Jackie,Representative,California,14th,2013-2018,https://www.govtrack.us/congress/members/jackie_speier/412259
Stabenow,Debbie,Senator,Michigan,0,2001-2018,https://www.govtrack.us/congress/members/debbie_stabenow/300093
Stefanik,Elise,Representative,New York,21st,2015-2018,https://www.govtrack.us/congress/members/elise_stefanik/412648
Stewart,Chris,Representative,Utah,2nd,2013-2018,https://www.govtrack.us/congress/members/chris_stewart/412581
Stivers,Steve,Representative,Ohio,15th,2011-2018,https://www.govtrack.us/congress/members/steve_stivers/412461
Sullivan,Dan,Senator,Alaska,0,2015-2020,https://www.govtrack.us/congress/members/dan_sullivan/412665
Suozzi,Thomas,Representative,New York,3rd,2017-2018,https://www.govtrack.us/congress/members/thomas_suozzi/412717
Swalwell,Eric,Representative,California,15th,2013-2018,https://www.govtrack.us/congress/members/eric_swalwell/412514
Sánchez,Linda,Representative,California,38th,2013-2018,https://www.govtrack.us/congress/members/linda_sanchez/400355
Takano,Mark,Representative,California,41st,2013-2018,https://www.govtrack.us/congress/members/mark_takano/412520
Taylor,Scott,Representative,Virginia,2nd,2017-2018,https://www.govtrack.us/congress/members/scott_taylor/412727
Tenney,Claudia,Representative,New York,22nd,2017-2018,https://www.govtrack.us/congress/members/claudia_tenney/412720
Tester,Jon,Senator,Montana,0,2007-2018,https://www.govtrack.us/congress/members/jon_tester/412244
Thompson,Bennie,Representative,Mississippi,2nd,1993-2018,https://www.govtrack.us/congress/members/bennie_thompson/400402
Thompson,Glenn,Representative,Pennsylvania,5th,2009-2018,https://www.govtrack.us/congress/members/glenn_thompson/412317
Thompson,Mike,Representative,California,5th,2013-2018,https://www.govtrack.us/congress/members/mike_thompson/400403
Thornberry,Mac,Representative,Texas,13th,1995-2018,https://www.govtrack.us/congress/members/mac_thornberry/400404
Thune,John,Senator,South Dakota,0,2005-2022,https://www.govtrack.us/congress/members/john_thune/400546
Tillis,Thom,Senator,North Carolina,0,2015-2020,https://www.govtrack.us/congress/members/thom_tillis/412668
Tipton,Scott,Representative,Colorado,3rd,2011-2018,https://www.govtrack.us/congress/members/scott_tipton/412405
Titus,Dina,Representative,Nevada,1st,2013-2018,https://www.govtrack.us/congress/members/dina_titus/412318
Tonko,Paul,Representative,New York,20th,2013-2018,https://www.govtrack.us/congress/members/paul_tonko/412319
Toomey,Patrick “Pat”,Senator,Pennsylvania,0,2011-2022,https://www.govtrack.us/congress/members/patrick_toomey/400408
Torres,Norma,Representative,California,35th,2015-2018,https://www.govtrack.us/congress/members/norma_torres/412617
Trott,Dave,Representative,Michigan,11th,2015-2018,https://www.govtrack.us/congress/members/dave_trott/412636
Tsongas,Niki,Representative,Massachusetts,3rd,2013-2018,https://www.govtrack.us/congress/members/niki_tsongas/412254
Turner,Michael,Representative,Ohio,10th,2013-2018,https://www.govtrack.us/congress/members/michael_turner/400411
Udall,Tom,Senator,New Mexico,0,2009-2020,https://www.govtrack.us/congress/members/tom_udall/400413
Upton,Fred,Representative,Michigan,6th,1993-2018,https://www.govtrack.us/congress/members/fred_upton/400414
Valadao,David,Representative,California,21st,2013-2018,https://www.govtrack.us/congress/members/david_valadao/412515
Van Hollen,Chris,Senator,Maryland,0,2017-2022,https://www.govtrack.us/congress/members/chris_van_hollen/400415
Vargas,Juan,Representative,California,51st,2013-2018,https://www.govtrack.us/congress/members/juan_vargas/412522
Veasey,Marc,Representative,Texas,33rd,2013-2018,https://www.govtrack.us/congress/members/marc_veasey/412579
Vela,Filemon,Representative,Texas,34th,2013-2018,https://www.govtrack.us/congress/members/filemon_vela/412580
Velázquez,Nydia,Representative,New York,7th,2013-2018,https://www.govtrack.us/congress/members/nydia_velazquez/400416
Visclosky,Peter,Representative,Indiana,1st,1985-2018,https://www.govtrack.us/congress/members/peter_visclosky/400417
Wagner,Ann,Representative,Missouri,2nd,2013-2018,https://www.govtrack.us/congress/members/ann_wagner/412548
Walberg,Tim,Representative,Michigan,7th,2011-2018,https://www.govtrack.us/congress/members/tim_walberg/412213
Walden,Greg,Representative,Oregon,2nd,1999-2018,https://www.govtrack.us/congress/members/greg_walden/400419
Walker,Mark,Representative,North Carolina,6th,2015-2018,https://www.govtrack.us/congress/members/mark_walker/412670
Walorski,Jackie,Representative,Indiana,2nd,2013-2018,https://www.govtrack.us/congress/members/jackie_walorski/412538
Walters,Mimi,Representative,California,45th,2015-2018,https://www.govtrack.us/congress/members/mimi_walters/412618
Walz,Timothy,Representative,Minnesota,1st,2007-2018,https://www.govtrack.us/congress/members/timothy_walz/412214
Warner,Mark,Senator,Virginia,0,2009-2020,https://www.govtrack.us/congress/members/mark_warner/412321
Warren,Elizabeth,Senator,Massachusetts,0,2013-2018,https://www.govtrack.us/congress/members/elizabeth_warren/412542
Wasserman Schultz,Debbie,Representative,Florida,23rd,2013-2018,https://www.govtrack.us/congress/members/debbie_wasserman_schultz/400623
Waters,Maxine,Representative,California,43rd,2013-2018,https://www.govtrack.us/congress/members/maxine_waters/400422
Watson Coleman,Bonnie,Representative,New Jersey,12th,2015-2018,https://www.govtrack.us/congress/members/bonnie_watson_coleman/412644
Weber,Randy,Representative,Texas,14th,2013-2018,https://www.govtrack.us/congress/members/randy_weber/412574
Webster,Daniel,Representative,Florida,11th,2017-2018,https://www.govtrack.us/congress/members/daniel_webster/412410
Welch,Peter,Representative,Vermont,0,2007-2018,https://www.govtrack.us/congress/members/peter_welch/412239
Wenstrup,Brad,Representative,Ohio,2nd,2013-2018,https://www.govtrack.us/congress/members/brad_wenstrup/412564
Westerman,Bruce,Representative,Arkansas,4th,2015-2018,https://www.govtrack.us/congress/members/bruce_westerman/412610
Whitehouse,Sheldon,Senator,Rhode Island,0,2007-2018,https://www.govtrack.us/congress/members/sheldon_whitehouse/412247
Wicker,Roger,Senator,Mississippi,0,2007-2018,https://www.govtrack.us/congress/members/roger_wicker/400432
Williams,Roger,Representative,Texas,25th,2013-2018,https://www.govtrack.us/congress/members/roger_williams/412578
Wilson,Frederica,Representative,Florida,24th,2013-2018,https://www.govtrack.us/congress/members/frederica_wilson/412412
Wilson,Joe,Representative,South Carolina,2nd,2001-2018,https://www.govtrack.us/congress/members/joe_wilson/400433
Wittman,Robert,Representative,Virginia,1st,2007-2018,https://www.govtrack.us/congress/members/robert_wittman/412255
Womack,Steve,Representative,Arkansas,3rd,2011-2018,https://www.govtrack.us/congress/members/steve_womack/412402
Woodall,Rob,Representative,Georgia,7th,2011-2018,https://www.govtrack.us/congress/members/rob_woodall/412416
Wyden,Ron,Senator,Oregon,0,1996-2022,https://www.govtrack.us/congress/members/ron_wyden/300100
Yarmuth,John,Representative,Kentucky,3rd,2007-2018,https://www.govtrack.us/congress/members/john_yarmuth/412211
Yoder,Kevin,Representative,Kansas,3rd,2011-2018,https://www.govtrack.us/congress/members/kevin_yoder/412430
Yoho,Ted,Representative,Florida,3rd,2013-2018,https://www.govtrack.us/congress/members/ted_yoho/412525
Young,David,Representative,Iowa,3rd,2015-2018,https://www.govtrack.us/congress/members/david_young/412628
Young,Don,Representative,Alaska,0,1973-2018,https://www.govtrack.us/congress/members/don_young/400440
Young,Todd,Senator,Indiana,0,2017-2022,https://www.govtrack.us/congress/members/todd_young/412428
Zeldin,Lee,Representative,New York,1st,2015-2018,https://www.govtrack.us/congress/members/lee_zeldin/412646
